project_phase,historical_usage,material_cost,project_duration,predicted_material,cost_overrun
Completion,509,124.71826819922562,41,216,120.30136746748394
Completion,786,104.02376780635012,46,439,-2134.890861123897
Completion,500,125.51740381994169,48,709,-4442.76079961671
Planning,514,112.46791648903657,26,169,-3028.168834962709
Planning,525,124.92270586006592,40,370,-149.3617966279262
Planning,230,93.97717175496021,41,933,-626.2676569290679
Planning,396,149.6194547927119,32,585,4757.4969652567725
Execution,799,115.88316492698118,33,981,-3116.6753219595566
Completion,606,101.04386805660492,37,688,-1892.3269241201178
Planning,312,129.6869255211168,23,967,1186.900740438441
Execution,202,113.39775270310082,14,104,-3478.7388792604047
Completion,935,116.44936950080395,33,539,-2937.8012023357383
Completion,912,95.6344343307201,26,143,-3863.9843788291337
Planning,386,132.4650372144912,31,577,878.0279736078801
Execution,129,107.85002289323575,44,266,2532.9926610094253
Completion,530,126.51586978706834,16,908,781.8437402233967
Planning,919,71.53690945473232,22,790,-4210.1291193819425
Execution,507,114.54428572827251,38,459,-2059.257361661143
Execution,368,76.53713804535049,16,144,624.8876321283833
Planning,716,112.28485349116829,28,681,-2179.94408967882
Completion,885,54.79934121262625,39,937,4360.11591641859
Execution,502,128.35460499945444,15,180,1972.481881902354
Completion,319,116.22664139388496,39,287,551.6980857053522
Planning,390,115.40502842398581,42,789,3065.6270682863715
Completion,414,121.32688460525036,10,400,3636.7158782773386
Planning,629,85.90479876061013,16,382,-694.0654260711835
Planning,311,50.35515890866499,25,310,-1331.1038316153335
Completion,647,111.12398884036392,29,119,-2997.140686584965
Completion,687,94.40928599227846,30,580,2327.4604503906457
Planning,371,96.4108416152463,11,430,3455.378874477492
Completion,852,55.771433073516796,15,689,2146.0801880501576
Completion,751,88.75012637717336,47,729,1040.9903372654953
Planning,144,149.6512884393542,22,246,3905.5413242719787
Planning,339,145.94320098292292,44,555,-1722.731492050531
Execution,229,58.95828605861851,18,776,3010.3706987587384
Planning,436,68.91188177141288,47,645,-3102.364638901206
Planning,859,72.69948866664492,42,233,4706.868732486275
Completion,320,81.9981348882551,27,301,2054.0419507086735
Execution,503,89.96565493805889,19,386,2838.828113091792
Planning,808,90.84555037107926,33,133,3169.112484929996
Planning,241,96.95088670884714,46,754,-2276.037273893469
Execution,371,119.842478269067,26,457,2339.27951838824
Execution,796,99.00589934771338,16,551,4121.710259622254
Completion,950,129.48875027559814,17,169,2339.7096863735915
Execution,934,85.81200535175273,31,196,-4824.11505173708
Completion,188,149.5173836986773,14,937,975.4390957123578
Completion,908,102.73237625455361,19,495,3247.451427345877
Execution,233,112.35136708578167,16,132,-489.7563204042481
Execution,366,79.83702231424871,27,478,4740.812741767304
Planning,831,138.2596728388371,46,278,3796.678300898997
Execution,581,83.7564849538385,15,194,-2998.407880794466
Completion,950,134.18753447366186,14,984,4496.626719871496
Execution,789,54.431859797523416,19,167,4376.783016803965
Completion,835,117.4507611528696,13,493,-4988.8705579029365
Planning,815,93.33028303473523,41,612,2706.214617869882
Completion,348,88.289307710179,22,601,-989.3270704172019
Execution,879,85.4289168127876,35,582,-4230.879270205573
Completion,250,115.35305213728712,39,196,-198.94897820646383
Completion,164,75.5920545431887,13,214,1458.4227528837237
Planning,950,135.40155051470606,14,672,49.73870935048399
Execution,707,97.35555201031089,31,901,-25.585841443606114
Planning,124,138.91357540071843,16,521,-805.9326966791114
Completion,302,62.93788766717936,46,614,4451.684995032736
Execution,735,72.45843931925043,29,967,-1919.5474682153958
Completion,916,76.77625994121938,28,745,266.4077421092861
Completion,664,103.86385903444398,21,980,-4006.5950932427695
Execution,612,137.506626753736,25,152,4757.81165627028
Completion,250,54.6484994932447,36,839,-2377.8161558997535
Completion,734,89.15332638172978,24,171,-2878.193658058753
Planning,872,59.68278266892957,25,801,-2326.4496294170176
Planning,314,148.46469757012437,50,659,3536.587793836936
Planning,720,78.32848363478669,38,321,-1323.9661903705837
Completion,629,137.9561564595743,43,858,2873.3809529223654
Execution,991,103.59960897503363,48,206,-1915.3484602437488
Execution,697,99.45303214811757,15,539,179.1029460116879
Planning,259,95.57433095175645,32,417,779.1507038732552
Execution,421,83.4372438333769,30,407,-2371.69262937742
Planning,716,112.5830636610282,38,355,-2740.5078683185116
Execution,649,75.3465723428649,22,914,3731.0125477088313
Execution,388,70.24373268683173,14,830,-1223.549406651855
Planning,429,121.66426298084592,33,887,1895.879514159833
Planning,169,55.016859225467705,26,550,-609.140929352302
Execution,333,134.026899726841,44,351,-1487.6566069489882
Planning,935,120.3267289731094,41,662,-4851.995265444045
Planning,507,100.11307814340407,26,259,1799.9415640933976
Execution,921,96.89471179586565,31,506,-4599.830561957873
Planning,785,127.08052401759484,14,257,-666.1897531369141
Planning,538,108.54726333057202,14,869,4764.66947231881
Planning,263,95.28543023384427,17,108,-3394.539138599579
Completion,463,95.2804942247025,18,248,1068.7469234186055
Planning,264,135.92076543031536,15,764,2244.18278639432
Execution,768,138.0726722148175,32,215,-2441.8882098457693
Completion,471,144.75666155131455,40,941,4179.237293023518
Planning,424,112.92970566361137,28,378,-4262.583746409005
Planning,961,142.35368597670504,46,591,691.9724880373587
Planning,653,88.4521864927692,39,938,-3181.1415790126384
Execution,958,85.92514854484365,18,275,-1638.141707541533
Completion,320,93.16642330583701,28,160,-3050.586817220251
Execution,496,91.96317697526035,27,588,-1198.4821117833853
Completion,105,126.38424522221531,26,532,3004.688987871359
Planning,607,137.37815442995225,19,978,-4871.241853582279
Execution,856,131.38692989054388,29,636,3688.225795265502
Completion,968,73.98329995886283,21,274,-1288.3701349670387
Completion,878,134.08695136231074,31,320,1677.6783529024187
Execution,977,70.85428872658505,28,630,-4823.412177777734
Completion,626,116.69922651646667,30,417,-535.7469166753635
Completion,926,141.1672524996526,47,256,-1986.4200487609019
Execution,729,85.62389639341887,49,500,-1607.0230227651396
Planning,362,101.90665324437118,11,443,171.43190773357765
Completion,987,92.01948008792559,11,195,-4705.927767291827
Execution,938,138.91290907797662,37,190,-2621.7900927622504
Planning,386,100.17270027763809,48,408,-978.7915187181775
Planning,761,132.3136511149185,25,104,-486.9801317481197
Completion,248,61.71520918767746,41,645,-1708.2070839058752
Execution,679,103.3809115435084,24,828,336.75096666881836
Completion,182,131.01537925289568,49,924,945.3584646231538
Completion,383,120.88105271459611,21,504,-1869.010528936186
Execution,787,140.54756563923712,13,263,2058.3988108787235
Completion,747,77.01006670576582,42,854,-2282.9856966894035
Completion,760,88.69958942951234,13,220,-1137.0807183181832
Planning,864,108.89809140125385,14,736,-1662.3656072689828
Planning,299,114.91877031175221,34,916,-4066.928220861443
Planning,325,129.0154468387804,16,662,-829.3106988879654
Execution,886,142.1663220716533,26,663,4112.827566128057
Planning,733,124.80043916913137,39,594,-812.0607725186092
Execution,441,102.02647247618992,49,961,-2826.0118450869763
Completion,878,140.6058544426584,23,779,1122.9068617916373
Planning,122,118.14925577180796,19,789,-3901.5541826675662
Completion,237,106.66576639673367,17,612,-3495.3227780778784
Planning,861,83.08143183187335,39,589,2571.735467142047
Execution,728,97.95618498237211,23,702,-858.534666977439
Execution,450,75.61815143066504,13,527,3168.3256586962234
Completion,478,68.38422038958888,42,762,-2309.1265215978465
Execution,271,65.45496399905244,11,598,-1258.6976572408548
Completion,192,120.68000308985157,39,670,-4493.150466746564
Completion,547,57.68626111371614,11,755,2639.056689222105
Execution,178,74.20688657258647,37,208,368.0392718668636
Execution,904,106.52620505560238,21,834,-3770.557601271054
Completion,894,75.48498102469108,26,519,-4457.685206954466
Completion,822,113.87936686048188,47,516,1895.0562270316404
Completion,291,65.90066878286025,40,861,3237.256308006763
Planning,642,52.66044732893603,30,377,-3988.161384202913
Completion,930,70.33113430699565,25,174,2675.9686487699
Planning,199,100.88070654034479,31,785,-1008.7527526329054
Execution,850,79.0965766576278,41,914,3065.582756400807
Execution,852,133.45108786545705,25,137,482.67053422643585
Completion,537,97.85213200547881,50,473,4357.856357471637
Completion,253,147.34377686364883,13,368,3735.4152821537737
Planning,405,133.05221710864976,13,506,1431.3129322245177
Planning,690,142.50957087188272,50,587,1891.9832250333639
Execution,496,59.18828678297293,36,760,-1068.3461833211372
Planning,189,90.03373227337848,37,664,3021.6888176510083
Execution,981,57.25163500410251,25,147,3080.9168122992332
Execution,844,93.29782472815062,49,181,226.40446274357782
Completion,793,114.91665805887429,16,404,3126.9219796479565
Execution,994,138.2101300139497,35,838,145.9076374629667
Planning,257,61.19452985386674,26,905,3049.66844315824
Completion,272,101.48975525793924,36,427,-2828.4419865065192
Planning,541,66.87640068135508,30,795,-1920.6304935979947
Planning,373,57.505271009727366,27,905,3773.4517504268806
Planning,219,134.7828449578398,17,386,4460.224871062359
Planning,501,115.88735115307362,13,452,-3221.206541375087
Planning,382,88.85918996904289,49,373,-3389.0844518781696
Planning,443,67.09054417321327,18,133,-1145.689296376161
Execution,100,86.05714318539239,28,629,1782.528102559395
Execution,268,90.15827701308018,25,503,-340.6456751845253
Planning,523,112.2847640994042,18,130,-3803.1273614541583
Completion,849,102.01010521144981,23,287,1760.8490119268117
Planning,958,50.18848000580009,18,110,-3209.123898976707
Planning,387,122.69675864405099,33,866,1130.5527460795802
Planning,501,104.95329972941059,15,309,4203.492041906231
Execution,226,144.73285698789377,47,438,1835.2936367065868
Planning,612,100.14382469604112,32,807,3690.954216366006
Planning,262,119.06274408305528,42,489,99.95186279652899
Planning,549,76.87130225422294,48,221,1195.8250760502442
Execution,344,95.124090398755,46,751,-467.4391400065033
Planning,349,76.39199553687007,39,755,3134.543010424015
Execution,914,128.84372977058473,41,939,-2742.802452209855
Completion,328,104.93921485805066,47,398,3419.296058990354
Planning,531,141.73789589025063,46,526,-1316.6006432124168
Planning,180,64.07556985491898,23,862,-1961.9928968154309
Planning,380,67.24024544410759,44,989,-1295.9941491839345
Completion,450,139.5210224123081,11,543,4896.475836836478
Execution,330,116.03115487754394,42,964,-396.4237405786971
Completion,473,88.6951368274792,18,769,2241.421040400519
Completion,537,65.9443925890734,31,319,-283.2808723487433
Completion,834,130.30429738542597,38,236,-1184.5074672488909
Completion,111,65.62602862697499,20,510,4763.010930124205
Execution,116,57.37749652573938,46,903,2609.065710705101
Completion,884,65.62343607015843,50,431,290.1797112104823
Planning,277,148.5176062390642,41,474,-4302.976792038793
Planning,584,139.55322103636752,10,365,273.4063111920823
Completion,825,105.67965119606893,31,846,2998.1103096233437
Execution,714,95.7086115299827,34,421,-4687.563720944241
Execution,343,133.21503565248807,33,940,4204.473698613618
Planning,940,60.20549961595254,50,808,-3685.612380291738
Execution,386,56.6461617060963,35,125,3482.51231958264
Execution,282,76.75798579498976,22,495,724.6742511631955
Planning,115,56.04276299273645,16,240,-508.9565165230815
Execution,712,96.27163909821037,11,372,-336.627542315503
Planning,124,144.99281350000803,17,183,-406.01305301161483
Execution,691,90.69649323097826,23,833,2183.292856583562
Planning,232,109.80554229902292,31,738,-708.6492315623573
Planning,392,77.48074614645981,41,804,-4814.069289496829
Execution,857,135.69498830815883,21,279,-2692.0467189651145
Execution,730,145.88172749571117,14,850,684.5244951828809
Completion,231,141.0233663153339,26,360,-2435.949355450647
Execution,295,107.22688633235444,10,487,4882.1756398449
Execution,643,96.0844660056282,22,386,-4040.0023142217756
Execution,310,55.74528327922145,32,762,4582.268312766842
Execution,846,129.70843265390087,27,384,-2320.662919052686
Planning,543,62.836820373755806,35,325,2940.624071643313
Planning,376,119.62802366773128,33,350,1768.2859342807415
Execution,932,148.26192717552908,46,348,104.13004162693505
Execution,576,116.3894257965469,47,292,214.81172656910076
Execution,680,100.32884708696334,41,220,-3707.1634826874456
Completion,537,128.9678110467621,38,770,-2904.0343407867877
Execution,660,124.83621443204864,48,363,-1275.426524750942
Completion,305,90.7914198112986,42,323,-2468.008477930712
Execution,147,142.58261058794213,26,193,-2360.501268672723
Execution,797,68.58786336983432,30,361,-4456.096391489855
Execution,114,128.03150825091538,38,362,-882.7832410284391
Completion,485,119.39524260502957,39,656,4859.711388313255
Planning,237,90.66025931249443,35,286,550.8412150046097
Planning,673,108.9385127975817,27,409,-1095.8452307618259
Completion,612,93.69965410129231,34,945,-1423.8125514398025
Planning,456,146.91894636825378,33,413,1131.0290947997437
Completion,755,81.00201292333952,16,212,-3537.450224590595
Execution,578,89.879824054415,36,324,3219.5730945413834
Completion,793,90.6291324945878,39,910,-3814.5474206911504
Execution,319,111.94099015245261,29,106,4964.358419690427
Execution,788,149.47820134848286,16,756,-3081.231692931302
Execution,910,127.79935999575903,49,814,-3233.3245603800087
Planning,290,106.07223364740811,19,741,-386.7120881916844
Completion,960,119.17312871246395,14,871,2547.368130047391
Completion,527,129.32281832802997,41,143,3039.121574472513
Execution,232,140.94901906774544,32,353,4957.700304065967
Completion,134,143.5734053883237,21,555,4906.009757117565
Planning,736,59.15754587862773,42,152,3448.4574589199365
Execution,690,52.63387654314584,12,605,2937.275889349181
Planning,299,93.2170202467905,19,649,-3906.514302931784
Completion,688,96.10331135778148,49,927,-3931.1101844511268
Execution,341,138.78966873136883,21,569,1264.9902715110875
Completion,593,97.17292942808515,36,604,272.2043515702089
Completion,959,102.55279374252169,17,672,-2721.9971546332667
Planning,217,57.08980241901109,25,384,3565.5667430420763
Planning,411,112.53464916951644,44,219,-4179.7939182588625
Planning,403,76.5670647300694,49,412,3474.118362360141
Planning,121,114.4243672779299,50,354,-1367.6419947816298
Execution,455,54.410203776486284,33,345,3633.5330094088004
Execution,925,149.38246441861492,39,855,231.46581745112508
Planning,427,91.67740344481011,14,579,1219.1031078877668
Completion,746,122.82511137351395,18,802,2944.0608330276673
Planning,135,91.47003026211726,25,755,2572.5665854318804
Planning,784,134.78333664549842,29,965,-1703.2442551374183
Planning,444,54.42577544097357,28,627,2023.1041363787917
Completion,282,93.84870599811464,44,243,426.8233898947319
Planning,100,53.53906036068249,40,453,2094.8244467541635
Execution,179,104.21102470859958,13,584,-672.9928935986509
Execution,714,91.26777638287422,43,252,4788.103541115726
Execution,218,64.56912431982815,46,167,1088.6341837456057
Execution,233,137.97068922002575,46,966,4473.0338538224205
Planning,959,127.28451298422783,33,887,-3624.0799098783364
Planning,292,133.53206743027806,36,405,3658.929772630592
Planning,240,119.22000021553946,15,574,268.54376833027254
Planning,272,112.81784754139744,26,523,-3642.960711791985
Completion,105,102.16514458032012,23,417,1615.8112015276993
Execution,532,146.35110224021957,30,634,-3703.329636210003
Completion,904,100.60816861987887,41,625,-1654.8809843435997
Execution,411,96.30903094451702,17,267,4206.832261534162
Planning,681,77.00410980750159,23,293,2860.7684491432083
Execution,551,62.80723739424423,13,120,-4906.3775645186415
Planning,702,143.0286033565119,16,622,433.5016156692327
Planning,520,119.87495518631171,41,162,84.66886927613086
Completion,874,99.47892646105271,43,863,-4383.402934428848
Completion,890,114.51161585065167,15,908,1402.4906987396234
Completion,722,56.486744027952305,24,643,-2351.2687818372247
Execution,619,77.24036636669035,42,404,-1059.7690275483164
Completion,113,76.68246910016711,10,712,1227.6005227913647
Execution,781,70.75117374141587,12,217,3502.868545309324
Completion,990,119.49474812363455,48,250,1743.8323210106364
Planning,978,55.970665890985295,40,376,4746.372840825328
Execution,633,99.56848099725912,48,487,-976.4593636756458
Completion,938,67.896159504911,32,138,4660.418306305253
Completion,949,86.53629382692958,44,161,2269.002392013257
Execution,374,99.22637564021639,14,786,1752.3814071165043
Completion,266,97.92154390099867,17,237,-2485.767445643865
Execution,435,138.69775507788216,49,437,-3315.7327805973646
Completion,255,88.37432240462874,41,711,-478.0177218103836
Completion,573,116.79118928916672,27,655,-1665.7578143598316
Execution,517,93.52330567929977,33,503,-1926.1082104284424
Execution,139,103.94820680046587,44,137,-1460.4786190521813
Planning,378,134.6101191308942,31,552,1274.6387917603888
Planning,139,116.37388290595698,24,340,2324.101359721227
Execution,978,74.14921165225994,25,221,-1880.4059255441007
Completion,395,104.40515034477629,15,174,-1491.9173643625295
Planning,260,58.3905331661449,33,323,-3883.4289427847434
Execution,863,142.76443909259586,10,497,3218.449289970298
Completion,247,103.48074812596005,35,441,919.7808488969849
Planning,916,137.4220419419251,16,368,4319.429100638368
Execution,446,83.40833960268117,11,124,-680.1473031987634
Planning,304,113.70158730542863,18,773,4199.188584660351
Completion,965,126.64583233607688,39,156,-4994.404070857855
Execution,448,140.52953592159267,28,661,-1311.790884710079
Completion,848,129.68037259785868,42,164,-2785.0858141759295
Execution,380,103.5821013339044,39,472,-1398.7948300703247
Execution,378,111.92391537176772,17,635,4291.316061589741
Completion,427,93.33196332620176,33,192,4703.809704693787
Execution,720,57.053472794119145,47,305,-3860.465455940166
Execution,898,148.2274789715994,30,672,-2008.8710733605076
Planning,355,90.1334814435479,18,327,-105.39898410430487
Execution,609,107.72111229956121,46,701,-4010.7355061270578
Execution,740,110.96333490464508,35,734,844.1046767676962
Execution,748,148.2197403681257,18,402,-3539.167025544897
Completion,890,140.3912294940194,44,537,2023.5865865796086
Completion,613,80.08456923524987,28,869,2855.9499390658157
Planning,699,78.2726667915177,41,157,2154.6056840389647
Completion,608,94.43889897854321,22,900,-536.5464436140464
Execution,545,84.98708214137486,33,480,-2990.9033346545066
Completion,649,137.8797281229215,36,377,-2674.7908450949008
Planning,394,84.8080843552262,49,636,-4644.6460786102325
Execution,276,68.7292423203825,14,669,-4222.158009979656
Planning,692,106.71443464852794,45,687,4257.8132335254995
Planning,660,86.20353850831313,47,300,3822.3961564269994
Planning,807,76.70374054863647,31,211,-1693.6584689869505
Planning,323,149.9461753130065,38,441,-2625.902385831623
Completion,259,113.62646842094742,46,604,2409.3630523065976
Planning,515,90.31614338084414,20,271,-2605.9366291483334
Completion,734,53.9378607738153,12,126,3579.3879795777357
Execution,104,98.25790663545823,38,670,2485.145838350347
Execution,764,83.43147345751154,42,650,2971.111175225503
Completion,373,75.73451563207183,42,121,4428.939574088643
Execution,191,107.27702232849626,15,309,-1136.2442493783487
Planning,804,70.4608835095389,22,254,1180.5513527695366
Planning,556,66.65465012267514,44,364,1487.4997250404467
Planning,998,106.23737009881953,18,524,-2615.0919994145006
Execution,756,142.55294633873024,44,859,-1780.4855702065238
Planning,704,107.1414420994435,12,583,3120.6003865682405
Planning,547,55.340077272139034,24,497,2020.7344456061646
Completion,575,96.58578582230442,25,863,-1853.0007969196872
Execution,718,88.81693490675778,32,906,2552.058761551625
Execution,565,65.48187856872849,30,873,4684.838132902229
Planning,602,67.93906528735346,18,762,-1944.7025091093637
Planning,658,116.87970475426283,11,894,-2638.5346227410255
Completion,438,133.7696121697259,11,437,2218.393810382996
Planning,663,136.61944413715,22,883,-3365.1870113961945
Completion,438,123.5856416313581,29,885,-3901.557436478488
Planning,389,116.49504652437254,17,948,3111.7053576341777
Planning,501,79.14030800439984,39,486,1306.8710094298222
Execution,824,144.64069423818398,48,735,-487.22907637825574
Planning,497,137.14763047073666,10,433,-2504.120592467889
Planning,813,68.15015927970803,42,634,3755.8160800619808
Execution,284,58.08407524970761,20,261,-467.29131590096495
Completion,595,135.54579827576572,13,520,-1242.5208574919798
Planning,515,78.26829501277894,28,389,-4829.509679932027
Planning,388,90.28209621974693,34,106,3524.108737692257
Execution,301,142.13047467762814,38,919,-3718.1652135847853
Completion,706,136.52061040776434,37,565,3340.325974764628
Completion,564,77.31578230964199,37,398,1799.457248206485
Execution,190,120.76854884792918,18,650,-1422.1740443660146
Completion,812,75.58562610855093,21,103,348.1795136149476
Execution,634,79.44271236127625,29,121,-710.5761842215534
Completion,688,109.8633341178624,27,949,-2663.4066890695185
Execution,826,122.91583158164092,13,346,1194.239440241864
Planning,366,101.45696097449625,15,368,4670.733319355908
Completion,448,126.37760515596945,37,718,2626.112724935637
Completion,363,138.85836758613544,35,621,-2361.135128647903
Execution,358,148.18574295636895,24,715,1933.6937890262407
Execution,971,122.93623908124044,19,185,-2651.7330784404257
Completion,122,106.77918890872569,17,746,-906.6884848651312
Planning,917,113.92688024547087,34,202,-1318.4515238971417
Planning,911,137.13702839640456,21,757,-2244.5608432258978
Completion,198,107.5671106770778,12,599,2399.5717541414842
Planning,223,114.20504874761157,12,596,-2459.588445923119
Execution,442,131.30232007507115,18,264,1661.5097829780798
Planning,336,130.10920912040132,46,465,128.09261003476695
Planning,553,80.78464218296158,34,101,-4629.176273674341
Execution,828,66.08587958870199,35,728,-532.5982466163605
Execution,428,66.39657789238038,43,956,4064.021174988564
Execution,774,82.27897560759254,31,191,2093.0668332203295
Completion,808,53.75597330563798,22,668,-3828.5505236733306
Planning,961,59.5035211139502,19,728,-1144.4659382043696
Execution,478,90.61849516562614,42,866,-2515.3343412879867
Completion,596,82.42305619964017,37,214,2508.1922581235713
Execution,716,119.60230088598986,14,835,-1869.4516592460118
Execution,284,149.26970835493364,27,843,-3938.530689043465
Completion,599,115.66959093294516,13,208,-3153.9924251109874
Completion,892,108.06277303640425,22,839,3804.0639454682187
Execution,664,130.54760386454768,17,134,-3373.3320112415886
Completion,457,74.16152672359604,34,313,-1019.0448859041212
Execution,317,52.36135894939933,32,589,-391.1969377109381
Planning,210,94.62251058328137,26,693,4916.268894246812
Completion,407,129.32959941839215,33,519,-1541.047671212401
Planning,602,88.60351875302268,36,489,4788.547489735687
Planning,966,141.35894323854586,16,286,1248.7418016110514
Execution,770,97.00866467479415,41,351,2726.987958966224
Completion,669,86.07814614994892,29,407,3032.8991068096493
Execution,237,78.78455450335818,36,349,-3521.8982616459625
Planning,838,119.3128879246341,35,238,1157.9429494160495
Completion,421,110.14649036479622,16,503,-1072.896259663104
Completion,414,114.71876679789428,25,265,-2993.513228451218
Completion,695,71.04438506327534,47,286,-2960.967897784337
Planning,294,108.79772597765157,39,897,2137.217143903862
Execution,626,133.87803714007026,36,844,2211.142394326538
Completion,551,52.97239874375458,17,391,1126.6645212601925
Execution,631,97.47586205705176,24,706,2945.688595238219
Planning,452,54.137799952717835,23,490,1014.4124653864674
Execution,674,128.9697918823768,14,171,-559.4566232617635
Planning,485,140.30130732066172,33,569,-1711.991860026285
Planning,808,120.83007586824492,32,871,-3702.5324871509856
Execution,777,101.24784675611055,45,789,-2196.6659452125105
Execution,661,101.62689933190428,34,360,1446.0242517563593
Planning,749,126.85200741915776,17,950,1886.5642401350515
Completion,163,109.49282831020344,48,812,1187.52219232072
Planning,432,149.56424333018717,17,343,2972.367348368374
Planning,883,146.9853496361,27,674,-3745.187534549247
Execution,726,107.10600943436881,34,850,-811.9477886316154
Planning,902,83.3354969316605,37,534,2809.6060923497953
Execution,575,101.27677627495216,19,192,-4354.75993966826
Planning,406,114.98918418105251,20,385,-941.3176093355182
Execution,514,127.93250696494388,19,413,-1076.6249630790303
Completion,598,113.93226941184224,26,574,4732.661739291709
Execution,366,68.23285437423903,47,396,4666.532877777578
Planning,369,113.30712191279466,48,338,2231.4447929218386
Execution,593,133.89508245878454,26,221,-3797.593676440465
Planning,694,124.32462607977136,48,984,-785.3846482017898
Planning,468,114.30876018836607,23,566,293.9100252384178
Execution,577,148.8423655855123,11,133,-532.7576105973521
Completion,336,143.8188015446138,19,102,-2907.6527337196103
Completion,632,116.89462347823887,19,337,419.5110147978621
Completion,312,78.91461278778424,28,920,-2154.7226149093344
Planning,636,116.64330297744542,27,740,1951.3284822177093
Planning,465,55.07789332418961,42,320,2161.645039092802
Planning,514,123.73447514668064,30,324,-4418.159682189475
Planning,946,120.00021618973078,45,277,-1448.0646206074352
Completion,901,121.48921677332748,11,219,-4819.253460542812
Completion,168,60.657589738087694,17,335,1935.092861326987
Planning,165,66.11027341348404,42,716,1854.6884202712963
Completion,299,122.90183710613968,29,991,-2133.5603322960637
Planning,571,137.0422428783946,30,175,2844.4706121983563
Planning,851,103.23493290335695,37,469,208.71981766080808
Completion,422,110.78335445074644,34,579,2389.2274326685256
Execution,700,113.85975519432105,24,172,-3307.4297574414536
Completion,324,53.539852146523934,25,855,4582.216565372197
Planning,233,97.0903897572781,50,296,-3137.7847185060205
Completion,642,77.03902406536771,29,211,-2410.293412645089
Planning,286,97.50995553808644,35,430,-1884.696553596842
Execution,420,124.0129176872897,47,450,-3189.4660948999476
Completion,456,60.88612116811136,29,366,4920.351304713728
Completion,280,122.83301624341325,18,868,-4436.226938092111
Planning,923,86.61221072064409,25,717,1913.7353340201144
Planning,230,76.84395843379289,16,399,3600.284868001363
Execution,873,136.2493075111299,34,434,-3478.2068624851104
Completion,154,131.64322666344415,11,734,1441.2900837566158
Execution,715,136.80173170251578,17,236,-127.16682671915987
Completion,770,141.30088926164728,32,466,-2336.1770032213713
Planning,768,56.20152499625384,46,206,3174.4846463619406
Execution,194,99.7765737473292,24,996,2993.5230679089964
Execution,415,86.68860858256367,33,642,1314.0141929154288
Completion,580,66.90389962856884,30,123,-4854.282243059407
Planning,271,70.71251481609129,10,893,-2842.2945012084556
Execution,414,138.03167406872734,22,865,3955.444451818441
Execution,871,149.35028987041454,50,541,-2067.5360544087507
Completion,937,50.430252906392006,49,499,-3356.235055613357
Execution,983,68.12693176660603,26,355,860.7526535436273
Planning,937,100.13154750428394,37,710,881.558898506798
Execution,177,85.60480523520826,21,973,4154.808591371244
Completion,419,122.41842918409091,18,929,420.8420127779036
Completion,663,71.20626093705079,36,192,3333.3905972578304
Planning,798,87.05843938848356,50,349,2517.6268748686216
Completion,940,64.04884714879769,48,890,1623.4828216983751
Execution,342,69.49050342645114,48,613,-2991.45775033386
Planning,638,73.38277914684166,25,247,4701.178808953453
Planning,732,126.76948594038801,23,808,-2104.672995262591
Completion,315,110.9496802053041,24,712,787.2230196139863
Completion,862,145.55467142876682,20,150,-1604.8885375302812
Completion,947,132.23522622875635,46,816,-4748.864926245446
Execution,174,143.25637828812086,28,204,4255.402142406314
Planning,963,103.32170390212691,34,626,4249.83859778672
Completion,766,118.23673749483366,50,551,-933.8541203878958
Execution,909,50.589513215793666,44,930,2800.039530637361
Execution,759,125.95081318517629,22,748,2458.2455448863757
Execution,960,100.0758547173045,32,612,-3024.595158042127
Planning,339,88.58284919530591,28,398,2857.8525838442074
Execution,317,102.91525742470608,33,247,3318.7966206468936
Planning,990,108.63164284816723,18,316,4765.109501769788
Completion,171,131.97072447084338,15,997,-3977.285813172459
Planning,519,63.065797462676755,42,441,-85.29628655460874
Execution,132,116.07991988506485,22,475,-4304.145366373111
Completion,489,51.53348906465239,40,990,-917.2062181152373
Execution,976,99.5533970207858,27,100,-1834.3987440131027
Execution,131,127.29095965164922,34,945,1669.3739660112542
Planning,493,93.64249277135558,36,308,-796.310859277809
Execution,533,109.58212769065014,16,858,-947.3395337019751
Completion,870,148.79008239826712,16,118,807.3516142675144
Execution,535,64.84004122171218,17,789,-3959.6241639869313
Completion,850,100.21855785000926,44,933,3571.2816629830813
Planning,733,108.25942134320323,35,177,669.7550718331113
Completion,697,80.57187110515325,28,439,-3338.8839338360785
Execution,175,86.33075921127029,40,175,-3484.413984549587
Completion,782,79.00870667870545,48,782,-4720.757580158813
Execution,342,83.43114438567497,17,134,-194.21524522461368
Planning,954,96.45145857660488,17,902,3113.0104563437226
Completion,450,103.51237516480745,16,393,-3131.463993701067
Completion,911,85.68610927855684,42,156,-643.4803973543167
Execution,955,90.63600126240777,36,304,-1098.5368244366477
Execution,823,71.19980247464409,26,627,-4156.373409684906
Execution,360,121.41453027626454,15,287,156.53926406531082
Completion,925,111.64803161680373,28,849,-2262.685695059874
Planning,247,58.379407908181875,13,525,2235.5667211931604
Completion,509,72.08717766817738,47,380,2212.0949275627154
Planning,563,130.92339731515904,10,931,3764.5286979364137
Completion,619,82.27609923906331,44,135,-3825.382351861167
Execution,975,79.59417309379644,11,417,-1916.929676386192
Execution,130,60.9023205198945,11,207,2178.27245711025
Execution,382,107.80453582855935,20,904,-723.3919052346391
Planning,420,59.987639677928684,15,313,-2580.0209325458623
Planning,676,70.35015976477693,20,173,1619.1448621074833
Execution,256,125.56500980902197,21,135,-3639.7566969324403
Execution,616,99.78084236580591,10,462,-522.8213342278132
Planning,938,104.4129622261188,49,958,464.69589729108884
Planning,925,87.82592386160232,10,276,3279.848021485248
Execution,838,68.17744069202143,15,303,3855.3748164792287
Planning,666,129.51042458291863,16,862,4805.029060339326
Completion,592,51.002654579847174,50,318,-570.7886642798785
Execution,780,140.10385296970097,16,675,-636.0790772161381
Planning,839,136.47567083493828,17,878,-1239.7400509068925
Completion,162,73.75922694006266,26,765,-3320.9284651275993
Execution,598,60.09178685865027,25,388,-2624.1468359464616
Execution,416,113.0788858061041,10,730,3927.3530274250006
Execution,363,102.064498484322,15,848,744.0784044069323
Completion,615,75.79383172392852,47,443,2701.49334803898
Completion,591,57.69729054983842,33,433,2293.564036290217
Execution,930,60.56559959988497,16,426,-1418.5407368872616
Completion,594,80.3460481730022,47,194,1370.7216346441865
Execution,574,113.69922466245914,16,307,-4789.801557241917
Planning,639,85.47262562745632,29,538,1289.8264977904191
Execution,833,145.82777290008812,16,379,-2922.5949365297765
Completion,995,83.1596596136085,49,108,-2391.1596981267057
Execution,646,146.07763136293414,43,440,4081.44624115192
Planning,124,50.44429388857766,25,530,516.8228545196253
Execution,926,85.73036788453499,12,499,2788.700122442434
Execution,538,122.95538522259216,40,281,940.8023344718449
Planning,236,98.02582149263296,27,233,-4443.554224352715
Execution,565,145.57322933562546,38,888,-4755.974417853952
Execution,164,57.07217782438859,25,197,1331.2249898975397
Planning,907,93.24699763239855,49,515,-4915.660606811083
Execution,110,79.83338394441014,47,376,4779.633880605081
Completion,673,96.53076107830083,46,557,3350.5282896203717
Execution,772,133.20870049582408,44,607,629.3802596968608
Completion,186,107.97645732903752,44,815,-4407.670772854349
Planning,474,115.06481405904186,18,829,1439.905356409483
Completion,982,119.38185264062217,35,591,894.1051921049184
Completion,714,137.98953603437315,10,970,4130.416303705266
Completion,194,84.34517761819072,29,553,-4924.250405959994
Completion,592,50.833748796474275,17,219,-2388.678967570155
Planning,302,88.87683148199739,32,403,103.28806895506659
Planning,569,95.79104058634599,21,420,-1925.7923270859987
Execution,305,50.46591358839343,18,556,-3971.193601890256
Completion,652,83.9459949800765,31,127,1822.0103544219428
Planning,353,98.84614092144771,12,593,2397.7853147579535
Completion,242,61.02633516533882,38,340,3628.152138984886
Planning,839,68.42215012252059,11,269,-719.5984964817317
Execution,660,91.66189731654771,18,273,-4036.8606098810988
Execution,407,55.25018563964428,27,196,-4818.849918061657
Execution,852,132.15697015426798,13,406,1660.3307642472646
Execution,110,110.5853220483619,19,841,-3780.4725051701225
Planning,954,117.50200821543064,39,411,2448.2281951495133
Execution,203,80.99410382002137,43,777,1113.6602569226188
Completion,252,108.4754708249661,15,503,-2324.3444376430343
Execution,346,118.40669863112733,49,217,2712.265557169125
Completion,122,62.000860017121774,45,554,-2873.479078347141
Planning,259,122.15690935809144,15,310,-3174.4238574487804
Completion,905,77.3636310507581,50,838,2482.749628230994
Planning,746,68.8194422518284,48,687,4088.9728137345955
Execution,203,98.94059504365597,42,134,-3750.634812457614
Execution,713,101.89872467192683,47,501,191.12396619930678
Completion,508,135.90354569154903,39,118,3090.69177986089
Execution,537,78.45828935949125,15,837,4611.20608360147
Completion,573,78.55592473692823,14,124,193.8076779823823
Planning,544,118.89032495125595,28,908,4523.506547733825
Planning,325,143.09377121736537,22,956,-29.672866627647636
Execution,531,52.623120656283206,31,262,-1016.3722899991844
Execution,292,53.09317117908623,49,783,1294.3669417434176
Planning,914,77.04992614795938,16,334,312.99262737255594
Execution,382,145.1520759556163,47,557,527.1348515546733
Planning,692,74.28046801322458,22,998,-2620.616865700154
Execution,132,103.19225899454659,22,505,-3420.3341976013926
Completion,599,130.94845420949505,17,999,3793.0946276971554
Planning,814,91.14218199393903,12,970,2132.8799726343386
Execution,395,97.09894479361523,25,378,-1161.9506491139532
Completion,276,60.82089060577023,25,948,2193.5861315701986
Execution,920,118.12468903580307,22,173,-2650.8621491119366
Execution,386,56.737080615324686,32,706,-3286.083817691863
Planning,593,139.83184423353975,32,537,-1005.8956081646852
Completion,258,102.73499843560762,14,509,-485.2516728978426
Completion,709,118.25611059793924,17,792,-4888.32481291927
Planning,574,131.73497029236682,24,809,-2756.1472174094106
Completion,665,70.8663784665986,47,359,1663.3540276984386
Execution,544,126.99012145227228,17,499,1003.7338669591854
Planning,702,120.36183564194903,45,679,-1230.7418509894596
Planning,321,102.88618526314599,47,843,-480.8849331795618
Completion,185,144.1478834700116,13,618,4278.160391644491
Planning,862,136.31678907219916,47,753,-3222.933658321611
Execution,528,125.99871147662685,24,303,-2061.539002028833
Planning,986,86.18642931796097,18,751,110.12128944829601
Execution,469,146.32211044882456,26,234,-144.5111139227929
Execution,734,57.66167722210401,37,855,-726.6981472412463
Completion,426,84.01077849227823,11,678,-2406.3880288186056
Planning,796,88.78379446921996,24,498,-3715.167326884844
Completion,319,102.46401866521447,12,369,708.2066303252241
Execution,853,88.03135062415424,36,777,362.8455981679581
Execution,523,132.8917977504696,27,760,1710.7636984965511
Execution,285,59.90895768571977,40,740,4654.188679418638
Execution,919,130.6402278350654,17,680,2415.419514829714
Execution,871,70.77913898456288,25,481,-1051.834303065189
Planning,545,135.4446967407051,39,961,-4298.538396311701
Planning,432,111.14040525477805,10,803,-354.56313900769237
Planning,115,144.89473690493037,16,875,1340.0239291225826
Completion,555,85.18380718759298,21,387,3244.3051227720607
Completion,121,52.01567834092033,28,340,-4052.9886840163254
Planning,514,107.0223414460087,21,173,-875.2133017608467
Planning,790,105.23049452339077,27,643,-3727.919510326546
Execution,481,142.6369259443736,11,217,-1541.8900649369361
Planning,261,68.99513908083543,30,309,2812.344145072303
Planning,419,120.30513374183107,43,490,-1302.034889589364
Execution,653,110.34271817143289,50,577,-4703.246327058752
Completion,677,130.54128645515436,47,307,-2236.260823142596
Completion,557,73.07486657768163,29,595,3025.8690881135954
Planning,386,107.9935014475964,27,407,635.5710428715574
Completion,353,73.12415785529876,10,501,300.83052775663236
Completion,183,60.02230781978018,10,853,-4014.548148006768
Planning,950,96.02160096758874,40,779,3392.5247596570225
Planning,964,97.72453305079458,44,900,834.1536693394746
Completion,405,95.70636747429639,39,602,-4160.270746453845
Completion,650,89.05112426395817,19,561,-501.37913768951967
Execution,991,123.36077553073598,16,717,1618.270340176322
Planning,704,69.21927886973907,37,726,3730.0297077788655
Planning,611,105.0573735509586,48,933,-4812.0956518566745
Completion,810,94.58899895741303,33,298,-3359.4907682286703
Completion,724,53.41028706584916,43,850,-2644.122622062803
Completion,889,130.38665221704082,39,502,-3440.2300793270833
Planning,646,103.4252540400494,17,765,2885.792900158928
Execution,283,145.75150808700744,44,244,-3043.6248644431307
Execution,560,74.28059524843542,14,561,-4112.043403111439
Completion,554,95.87723021496808,44,431,2691.5723636268394
Completion,339,138.43190570112597,24,770,-4924.415361772878
Planning,255,98.39301308235417,50,358,2649.759429605917
Execution,809,69.53266248820657,36,243,-710.287698641856
Completion,855,73.3577469696467,11,658,524.3401465302204
Execution,865,126.20645111719168,48,738,-3821.9078275612083
Planning,501,98.30148551387404,20,839,-3670.1416029448783
Planning,548,115.49153341062241,42,183,-1883.0963187556226
Planning,909,72.98975336019002,47,952,3212.7011953398905
Completion,554,119.09411021025277,50,606,4185.740146792885
Execution,936,53.42746342642186,29,432,569.9949595522876
Planning,666,118.14880709792224,19,304,-173.24976616148433
Execution,151,56.96120732701693,38,757,3547.7838402370326
Execution,636,73.16571797804669,15,641,709.7846223051829
Completion,346,59.07878667353628,36,784,-1126.2417202459742
Completion,667,79.4044813156698,22,539,1736.3409202846715
Planning,941,131.84813900003718,43,263,3498.4420708690905
Planning,554,120.6007003235778,24,137,-805.9610309508562
Planning,964,120.7527254008938,19,201,3505.8511034731146
Completion,771,66.72272161690506,42,688,-1547.1677156946007
Execution,379,58.954978937706436,46,224,-4035.352849446192
Execution,736,145.76248634949974,13,704,342.8575728874139
Execution,994,148.55108242605837,43,633,-2148.3813012758524
Execution,240,129.55643974534536,45,295,4981.035675603076
Planning,970,102.95717618643347,24,487,4015.784261560804
Execution,664,90.63880566610979,45,187,-1440.2035592255747
Execution,479,126.60476162001095,28,869,-2396.130066248955
Planning,669,144.06362554238262,18,770,-4868.838251282574
Execution,981,130.42223993630614,26,672,-1160.5663752666383
Completion,902,53.21223012191724,23,427,-48.59365729340516
Planning,952,55.358506356833104,43,934,-1268.6142582373682
Completion,677,126.51095684725038,43,971,-3279.3002986476895
Completion,509,98.93044791967887,27,895,837.9004029529415
Planning,663,119.74765124566684,18,959,-3579.0640673506036
Completion,635,102.82006352928587,14,937,-489.95833092691373
Execution,247,70.73739579091058,21,586,3692.9564062845184
Execution,140,50.10646203451207,16,570,-4190.675993034172
Planning,738,97.88499854406123,47,367,3722.570991202443
Planning,378,108.80796425831718,19,965,-3669.2914426645193
Execution,433,83.42217366794766,37,933,2549.335220259659
Completion,429,57.587862787617496,45,735,-2887.8735872971315
Completion,537,111.40989899731834,12,491,-1695.0232664609853
Completion,203,55.350032414082605,21,634,-2266.0770156785857
Execution,144,115.33087043570252,32,797,-4734.7230529496865
Execution,187,137.83858108679397,37,478,-1724.1120267502206
Execution,898,148.35893931614265,13,425,-4920.928858237752
Execution,583,133.03133232861,50,734,3043.7976454154395
Completion,112,97.7064394107793,22,947,4112.659373306324
Completion,755,55.95185454402862,45,471,-4871.012535697248
Planning,724,80.22861029979148,42,885,931.2520684905076
Completion,452,74.81317486815861,11,770,1793.644574432632
Planning,719,99.59771852247228,19,463,-4107.013108978906
Planning,641,90.2461712727077,24,588,348.63321432256544
Completion,944,74.51271511865512,14,307,2404.796222056664
Completion,545,64.75468837283718,44,922,960.3125682328373
Planning,711,67.5363177612455,33,828,-4721.802553123341
Execution,129,62.5389205674083,15,580,187.0147862644053
Execution,428,59.05527923013207,13,523,906.1531536406401
Planning,791,140.55180405895698,50,302,-1893.085569639874
Completion,896,88.43244730698402,12,348,-3468.867940344278
Completion,448,117.4390084596234,24,361,-2624.7229523525184
Planning,443,88.33593495409468,12,867,3955.837027565638
Completion,270,59.713391888958924,20,821,-2458.201650098727
Planning,552,98.49637076886846,33,516,-4398.7521806382765
Planning,503,93.8427911325004,36,948,1289.8153162114031
Planning,472,116.14639078186518,38,771,3185.8106680606115
Completion,698,141.93615061717617,30,694,1736.1019035877089
Execution,705,60.92211896600553,45,736,-4812.563629765519
Completion,125,69.4696608186926,40,803,-3500.0328557280113
Planning,424,53.513838605018606,25,642,-2263.924261032183
Planning,604,99.14876676536839,23,680,4304.375369634352
Completion,253,81.27674011253595,13,382,238.8759912934911
Completion,902,102.58186174395432,27,768,-3991.450322312168
Planning,333,135.59097667481547,34,249,-4442.770259478495
Completion,225,76.38166643683333,49,293,-3810.2615002316797
Completion,902,114.4142375046168,36,114,-4345.665935576859
Planning,981,122.79796791969012,38,775,-1317.8524124352307
Execution,132,79.16719871967621,16,114,322.8225262222086
Execution,200,75.69594333656266,45,803,2059.3841211009767
Execution,358,57.97071862677574,39,933,-2124.5282968956512
Planning,998,140.7578470961152,35,744,1767.5853482798411
Execution,661,142.64730169307387,20,837,-2432.420299986716
Completion,401,105.85298756638872,35,795,-723.5205581973569
Execution,979,147.73610661059126,15,681,-1914.4034559795455
Execution,337,96.85399188161028,34,779,2807.855229364339
Completion,667,118.48261073730129,14,738,-424.4382808722021
Completion,323,94.9867545253932,34,939,-4688.1982350509525
Planning,893,70.36402432847011,36,296,20.65418769344069
Planning,850,132.25611674138565,21,534,-1489.887023042038
Planning,548,77.81687577692762,30,434,8.15170144341846
Execution,651,139.91614769822212,16,601,2312.29402592295
Completion,301,94.41332789558851,49,769,1924.1095249672944
Execution,202,53.188563211924865,48,719,2597.3596525818884
Planning,611,113.85227971241599,21,627,-592.3256857191664
Execution,102,112.46640901989069,49,633,-2206.477641227922
Execution,491,86.80199034997885,22,298,-614.8854922148757
Execution,737,91.56211246069523,13,764,-3704.4918356324774
Planning,109,113.83177158681079,11,868,1818.7078514220748
Planning,990,127.65970732361225,38,836,1732.6010699352382
Planning,980,111.17603178543052,46,729,1835.641969292542
Execution,499,111.58978270227061,48,666,4149.797357683014
Completion,919,110.65968429044683,25,794,-2121.2315365218237
Completion,991,63.63940437955108,34,423,-1052.2676635166163
Completion,603,94.27875192119191,20,624,221.1065035692427
Completion,699,109.10556804216205,11,229,2984.737083362813
Completion,399,83.41576611603261,21,982,-1433.106295364426
Planning,998,60.60642514633919,12,989,-3962.963861853839
Execution,979,99.31118517797044,14,856,-206.8456559489896
Completion,453,143.91682356125426,31,835,4.6103978535065835
Execution,704,141.0483946714317,17,898,4459.913493967861
Completion,322,59.35748179852523,44,681,-2793.5400444754364
Planning,723,75.1578062787365,41,998,1320.1396244648604
Completion,136,137.35854845315288,49,831,-3161.279933679687
Completion,546,53.84470520533105,48,149,-2878.65907349633
Planning,472,56.78975921740936,45,586,-4344.427027392291
Completion,692,106.52530941184688,41,126,-4407.96565755557
Planning,920,131.72576516699567,39,479,-2232.115742720717
Planning,830,142.75416473225306,35,511,-4170.476583113004
Execution,285,67.18516510882313,50,203,3937.8931733266763
Completion,493,109.02522285848656,50,520,724.4276846089988
Execution,555,121.57092771814455,22,621,-346.44769724694925
Completion,648,93.6700817377108,41,533,436.4364261765504
Completion,965,77.63825509738743,12,806,2629.3005489665047
Planning,355,106.805902508402,10,537,-1795.389234532879
Completion,420,61.86051157139741,41,178,4713.9861681616585
Execution,258,112.79270294175237,10,405,-3451.585592214339
Completion,600,77.01023288924361,25,769,-1485.2677769546663
Completion,278,120.5085753834377,26,101,-1620.1086949327082
Planning,750,75.05373826688579,44,373,-1960.9473736356108
Planning,611,118.55662896824897,14,521,-398.7786066143044
Completion,353,78.42050064462336,41,482,502.4730818607477
Completion,108,137.77866019398294,42,906,-4379.058442339211
Completion,843,53.61661062865003,18,394,2806.76029486268
Planning,918,113.10341760652514,30,404,4791.489213980993
Completion,552,117.7295904536609,27,231,-4464.770178938357
Planning,529,113.2959231724669,46,122,-2756.370926253432
Planning,313,78.46737598346385,42,802,769.0647704698058
Execution,158,76.66377765871427,45,166,-1408.043007354066
Completion,357,137.60403366323334,35,959,2532.3126888347406
Completion,746,106.04102504435384,47,439,-4190.893672183451
Execution,902,80.9862765698822,38,160,3196.4250058171365
Completion,123,106.6199758277983,22,489,-1250.7030815586804
Completion,742,52.08664389297761,33,264,-39.99396050184987
Completion,226,146.1422106301572,39,190,-4430.244371560013
Planning,155,135.74781790807617,49,195,-1501.1755867959532
Execution,318,52.57614906124062,26,123,-3327.069498630687
Execution,784,66.82197942269214,32,762,-537.3636283430405
Planning,743,115.1524657900363,31,795,-1851.568119811986
Planning,732,62.50344439002464,11,714,-2063.931563619147
Completion,843,67.65895484357455,15,615,-2520.5336608721286
Planning,796,97.06590214090491,43,890,-2477.2491801531514
Completion,920,132.3365454492095,50,239,-2985.012277023472
Planning,744,80.16953993360191,13,454,3766.6699689029574
Planning,863,133.33797592192815,31,559,3979.6239586189586
Execution,825,66.34125159862086,36,979,2303.1654496828987
Execution,899,97.58579116020883,41,876,-1585.6606877615932
Execution,958,108.35653627039025,11,911,-4093.138904736474
Completion,921,84.55962188744837,17,280,1320.5765265820037
Execution,235,99.83375099864608,11,801,-589.0642833418724
Completion,379,62.03940554259532,47,837,-3897.255958461746
Execution,721,143.71238633098437,19,124,-3241.258593829015
Execution,521,69.96908012087601,21,813,-4265.648279191254
Execution,559,105.12377361398691,45,157,-2040.376262338687
Planning,801,68.92715735896824,15,843,-4146.13842249133
Planning,423,61.684986498231744,41,274,-4221.3295737220205
Execution,979,81.49072857434817,28,278,-4638.478128371777
Execution,700,53.190627860252015,24,178,-3786.8180409761035
Planning,146,83.37332471209919,25,275,-2530.0240377645487
Execution,401,94.30449670933636,48,991,-1857.213738463763
Completion,400,132.73277099860638,19,943,1387.1376836735817
Planning,738,131.13505637745288,35,345,4971.885110999308
Completion,693,81.82718889637508,36,426,-3115.908141408721
Planning,786,128.50157371909003,18,679,2334.3474230144093
Execution,354,113.83627851051793,27,401,-971.2605098348026
Execution,608,96.22333757214628,45,732,3815.935407683919
Completion,117,105.82789648060344,15,482,2901.944614275508
Execution,839,99.32147792062864,16,118,1804.4058795149476
Execution,391,141.7515152016697,42,852,2195.565074261848
Completion,274,63.65123161397675,17,736,-3432.9838793094004
Planning,858,92.51674050308574,22,263,775.5259288013658
Completion,969,102.1076876616223,36,904,-313.6167774207088
Planning,708,96.52771452545778,21,477,-3606.7865687284902
Completion,181,58.70540490756326,34,644,570.8083878767211
Planning,354,96.27395795457961,48,817,-1196.3274212476504
Completion,844,109.67578354425771,14,234,1720.6790481441358
Completion,408,149.31423378380015,33,110,-682.3289833801819
Execution,310,135.3201829924394,44,447,738.9590789560743
Execution,360,113.60210085320787,36,381,-1890.4473561450118
Planning,307,52.52973429858727,18,282,-750.8595260355687
Planning,221,77.3109978848849,34,580,-3483.7021193723117
Completion,153,96.21126080599066,43,383,1159.1209122768423
Completion,863,57.70414532807408,13,171,-3258.276482725405
Planning,107,66.16783774848513,43,852,-4880.772472710701
Completion,917,126.73596233719032,49,124,-4193.660582891671
Completion,190,83.00414107876927,33,814,-3161.192056426644
Planning,200,148.7460021241246,17,266,2250.771297090864
Completion,432,79.1158184421074,34,155,3119.6236430830413
Planning,216,101.23647277987239,31,418,-2955.874070254113
Planning,201,107.74449315760661,40,879,1376.204207329356
Execution,121,105.77397860209018,40,431,3526.1588813427643
Planning,156,88.75492735846149,24,964,-944.1473780661304
Planning,632,73.34721318964749,36,684,68.75357235881438
Planning,348,129.92076958238601,41,175,-3672.559440806921
Completion,643,110.00246511218702,33,264,-2430.643309718463
Completion,910,71.8002672076561,36,222,562.983822672034
Execution,553,77.04044834739719,43,546,641.1472671517968
Completion,241,115.5054819566364,31,357,4457.561918159023
Planning,790,121.77859882893974,49,107,-805.5057607246881
Planning,468,60.81994056228595,28,809,4277.21869606029
Planning,461,131.40907763682233,34,379,-1622.4149071349616
Completion,713,68.11397334176328,39,812,337.2587233173672
Completion,709,75.87699099081702,35,583,-2050.037483459418
Execution,292,50.1769153734944,49,425,-258.07572886118214
Execution,346,70.2109499686377,28,828,2524.5892564505866
Execution,472,112.7552092400216,47,895,423.0867035717338
Execution,165,105.31351674085948,19,402,1452.0144490272842
Execution,968,128.60179918695815,39,709,-300.6616361960878
Completion,212,59.73323571536883,25,390,-4438.773052336099
Planning,879,67.0222248149814,30,478,822.9647350013984
Planning,629,131.66030997190666,37,531,1489.758060909986
Execution,878,126.19725089401717,27,247,273.40090563096237
Execution,238,130.68111278595512,36,833,-1815.166554703952
Planning,703,116.05783062147015,37,877,-104.60560302031263
Planning,463,93.9270604319558,19,262,-3301.0795670458883
Planning,273,125.838390205541,23,534,-480.24444626143304
Planning,166,52.774266597173366,39,913,2640.8085069852523
Planning,991,145.66899267596256,15,135,-1032.5848635874368
Completion,181,113.32586522959295,10,694,2521.9403028257784
Planning,728,87.18202546719769,42,488,4094.5149821033883
Completion,286,84.15508725169948,50,139,4456.831256511601
Completion,726,58.62170188425468,36,777,-4000.0421679874175
Execution,501,106.1351208728225,14,767,-3555.7524474788793
Planning,289,101.06943487255168,45,433,2758.1695446353806
Completion,154,138.76684692484835,27,448,-4093.833085156643
Completion,300,51.2940580235025,35,971,-4594.70253749159
Planning,275,73.12474302851142,16,751,-850.6701337331224
Execution,800,60.48365719605302,39,153,1018.5449520470802
Completion,620,101.81507430193945,38,541,-2227.8656197331425
Execution,797,79.50955718090036,38,429,2343.7357817579295
Planning,996,63.293500072179384,23,719,1405.6136447005265
Planning,895,136.38729907736854,32,793,-117.13937316816919
Execution,157,107.70492807471254,50,640,390.54029813221405
Execution,784,67.60954193367351,36,586,4848.042255676275
Planning,953,74.76542647338984,17,504,454.0132247050933
Execution,957,55.4394093209081,34,530,-2534.129716406409
Planning,140,73.9274742897633,26,239,-2689.4763385658794
Planning,481,140.64320684992086,14,923,-1532.0203450209146
Execution,700,138.31826397007154,10,251,-1124.7922422131105
Execution,939,119.59212573372552,13,621,4254.371692820605
Execution,321,68.23898782729913,14,620,263.34753319684296
Completion,521,54.4395286624144,11,510,3211.7135211233144
Completion,237,98.32496080873864,31,592,-4246.54477917364
Planning,999,116.83861328165776,29,747,2853.0874706937593
Planning,249,107.44312385950207,40,723,-931.742740316075
Planning,926,120.18902094808233,28,904,-2104.383563633514
Execution,196,78.91988557725034,19,476,1631.320474608081
Planning,168,112.49118993317875,30,956,3168.1432246246213
Completion,180,147.6141849965562,48,559,-2771.821595960987
Execution,958,58.86078574044301,25,427,-2885.3504417722743
Execution,570,74.07328092503874,17,374,-666.2721360877367
Execution,952,84.91703363057654,50,550,-2713.2249717266045
Execution,479,130.21653508857094,39,124,-1708.3069200998502
Completion,709,107.94958624104629,32,623,-3587.517333470236
Planning,399,99.13057380240592,48,643,614.9853278324226
Execution,869,100.66183357883739,29,318,2694.4241666160497
Execution,863,57.518622014359664,48,844,-4522.751110016935
Planning,871,75.67366552619181,35,683,-1159.151007391923
Completion,369,121.03604591092014,24,470,-958.8968479521918
Completion,592,61.538292403860254,26,238,3783.5016353925166
Planning,441,55.750957326796836,14,362,-1597.6882064007737
Execution,399,61.382807510685346,17,650,397.2164865870527
Execution,386,72.94876476081822,12,156,3055.366152899024
Execution,255,68.58972234244258,21,852,4895.778678861585
Planning,133,75.64915478170667,36,308,1725.3320657615477
Execution,446,107.1657469811312,43,498,-4263.429116855427
Execution,591,83.32836517796031,10,577,623.3790008350934
Execution,499,51.8396124236288,47,818,837.5799728707643
Planning,624,54.61141150502288,25,573,1865.233732400522
Completion,838,64.1647788043861,21,480,-2173.3248947680117
Execution,633,107.16264702338498,19,335,-4572.064110645838
Planning,303,99.57281417795954,31,546,2140.2247208513536
Execution,491,122.75929399209251,35,985,1465.929682285925
Planning,148,103.53500244429648,13,143,-2696.139581541589
Planning,801,75.71179695500051,13,749,2129.9310377495813
Execution,652,96.70360773688215,18,566,-4338.6754154653245
Execution,271,115.99436802294547,10,815,-1515.0388701471152
Completion,217,98.14104380042656,30,573,1637.1246378356327
Completion,612,93.38638692982519,33,119,1050.3083014229633
Completion,516,134.2575555613095,33,164,1413.9048151475454
Planning,706,55.99914058616313,50,858,1621.285103994198
Execution,663,134.58030611841133,49,191,4316.488035903934
Completion,745,83.0751121312141,35,982,-2910.628554851791
Completion,705,66.31534295256438,38,672,597.3041825515138
Completion,720,109.64398407385788,34,106,4929.816682013003
Planning,325,95.61709362425736,20,157,-3097.0022940929443
Completion,405,118.68863926971972,23,912,2966.2161406233563
Completion,240,117.70197691393808,46,947,2182.2238839052325
Completion,790,121.2664726554293,18,346,1212.9840458976396
Planning,860,51.58902678943086,18,722,28.269832044288705
Execution,751,100.75495017989189,12,223,-4709.663311114661
Completion,557,78.49520467775012,13,740,797.1475493267662
Execution,340,146.50390867631222,13,623,611.8631980605596
Planning,243,139.28168950709588,11,873,-768.3974202836262
Completion,309,54.25634282181932,40,573,2502.410561640013
Planning,158,144.77911348017759,15,620,-1550.0545600754467
Execution,205,128.5381343202494,21,156,-409.827211828675
Completion,744,52.78906619372782,28,201,-3734.731332287465
Planning,820,139.35171624920076,44,380,3074.1852975031406
Planning,823,148.98215925216766,14,281,2117.283586174837
Execution,900,104.72883212641273,21,658,3777.068521744013
Completion,987,148.28201855202806,41,518,-4098.143119904364
Execution,486,119.2589327146487,22,392,-3514.3984468246504
Completion,148,86.77001354532403,17,654,3452.1995043232873
Execution,533,55.00555098491348,42,300,1819.3051260446964
Execution,968,101.64517894580109,30,596,1520.8960377167068
Completion,105,139.06072256003904,25,383,2404.986349103814
Execution,660,104.35642097117463,10,738,1924.3962399688771
Execution,244,92.3429342646202,11,164,669.0244634546834
Completion,152,73.07776668866191,26,864,-2077.6014354705385
Execution,471,142.6075388406511,22,702,-3199.422755472474
Planning,693,71.64526155995361,43,868,-2107.055871720208
Completion,331,66.05570845189244,41,516,3437.6667964070984
Completion,500,54.1443506324271,17,618,3004.873195800871
Planning,192,76.59082124614726,17,283,-843.1078842450988
Completion,338,118.01998271958645,14,777,942.6870040535396
Planning,293,62.30732624910592,45,859,743.2043618547586
Completion,263,133.26114914896692,10,726,3520.759815289888
Completion,751,71.44988846780278,36,697,2941.1603860814585
Planning,339,82.81106327589,13,120,-3938.3466072950678
Planning,244,149.6100244940631,38,784,2542.5543408819904
Execution,984,93.18564537594256,42,324,-866.7238611229832
Planning,271,77.3481193679836,50,572,4189.305794684629
Execution,256,130.65846211097073,22,394,-809.5683842061208
Completion,237,74.11743707884227,36,374,-1492.120266864123
Planning,878,67.15085640549073,13,525,-2321.6112934200773
Completion,534,135.9211879967862,30,608,1076.0703269038186
Execution,751,115.48162958633256,17,532,2151.6589770293185
Planning,974,89.72075341896348,37,654,117.58164832955117
Planning,992,96.8335372029825,28,215,-590.030769291041
Completion,636,142.06485839460086,29,404,-4448.063225741933
Execution,120,58.10995693449913,31,243,-2669.611049294657
Planning,637,141.62147331752507,28,774,-3642.2804396821393
Execution,872,120.83219852330716,43,386,269.9340533534987
Completion,386,82.98925585847226,10,835,-4899.398776604018
Completion,585,132.6001175619384,49,648,4176.891533778153
Planning,798,66.27041864360942,39,886,-672.2710462764126
Execution,261,63.927684737677026,35,160,3759.372542961284
Planning,415,121.92857203808167,36,579,3319.4035267906547
Planning,861,107.17844234615883,14,817,-3251.7457624420254
Completion,513,77.01534336630047,33,713,-2770.8310424231
Completion,941,126.91388462943588,34,940,3820.947482889542
Execution,206,121.03961250882978,17,102,-4229.8025510985135
Execution,697,70.20287131378055,43,115,-1758.9005132037296
Execution,354,133.46949291729476,12,235,-3760.8771888723095
Planning,701,73.04460469912333,17,239,-1968.9689788591845
